"Status","Start Time","Stop Time","Duration in ms","Parent Suite","Suite","Sub Suite","Test Class","Test Method","Name","Description"
"passed","Sun Sep 27 19:31:47 GMT+05:00 2026","Sun Sep 27 19:31:48 GMT+05:00 2026","1259","","stellarburgers.CreateUserTest","","stellarburgers.CreateUserTest","createUniqueUserReturnsSuccess","Создание уникального пользователя","Проверяем успешное создание пользователя с уникальным email"
"passed","Sun Sep 27 19:31:51 GMT+05:00 2026","Sun Sep 27 19:31:53 GMT+05:00 2026","1568","","stellarburgers.LoginUserTest","","stellarburgers.LoginUserTest","loginExistingUserReturnsSuccess","Вход существующего пользователя","Проверяем успешный вход с правильными email и паролем"
"passed","Sun Sep 27 19:31:44 GMT+05:00 2026","Sun Sep 27 19:31:44 GMT+05:00 2026","270","","stellarburgers.CreateUserRequiredFieldTest","","stellarburgers.CreateUserRequiredFieldTest","createUserWithoutRequiredFieldReturnsError[Отсутствует поле: email]","Нельзя создать пользователя без обязательного поля","API должно вернуть ошибку, если не передано обязательное поле"
"passed","Sun Sep 27 19:31:44 GMT+05:00 2026","Sun Sep 27 19:31:45 GMT+05:00 2026","301","","stellarburgers.CreateUserRequiredFieldTest","","stellarburgers.CreateUserRequiredFieldTest","createUserWithoutRequiredFieldReturnsError[Отсутствует поле: password]","Нельзя создать пользователя без обязательного поля","API должно вернуть ошибку, если не передано обязательное поле"
"passed","Sun Sep 27 19:31:45 GMT+05:00 2026","Sun Sep 27 19:31:47 GMT+05:00 2026","1674","","stellarburgers.CreateUserTest","","stellarburgers.CreateUserTest","createExistingUserReturnsError","Нельзя создать уже зарегистрированного пользователя","Повторная регистрация с теми же данными возвращает ошибку 403"
"passed","Sun Sep 27 19:31:40 GMT+05:00 2026","Sun Sep 27 19:31:42 GMT+05:00 2026","1784","","stellarburgers.CreateOrderTest","","stellarburgers.CreateOrderTest","createOrderWithoutIngredientsReturnsError","Создание заказа без ингредиентов","API возвращает ошибку, если список ингредиентов пуст"
"passed","Sun Sep 27 19:31:42 GMT+05:00 2026","Sun Sep 27 19:31:44 GMT+05:00 2026","1765","","stellarburgers.CreateOrderTest","","stellarburgers.CreateOrderTest","createOrderWithoutAuthorizationReturnsSuccess","Создание заказа без авторизации","Заказ с ингредиентами можно создать без токена пользователя"
"passed","Sun Sep 27 19:31:38 GMT+05:00 2026","Sun Sep 27 19:31:40 GMT+05:00 2026","2081","","stellarburgers.CreateOrderTest","","stellarburgers.CreateOrderTest","createOrderWithInvalidIngredientHashReturnsError","Создание заказа с неверным хешем ингредиента","API возвращает ошибку для несуществующего идентификатора"
"passed","Sun Sep 27 19:31:45 GMT+05:00 2026","Sun Sep 27 19:31:45 GMT+05:00 2026","292","","stellarburgers.CreateUserRequiredFieldTest","","stellarburgers.CreateUserRequiredFieldTest","createUserWithoutRequiredFieldReturnsError[Отсутствует поле: name]","Нельзя создать пользователя без обязательного поля","API должно вернуть ошибку, если не передано обязательное поле"
"passed","Sun Sep 27 19:31:49 GMT+05:00 2026","Sun Sep 27 19:31:51 GMT+05:00 2026","1474","","stellarburgers.LoginUserTest","","stellarburgers.LoginUserTest","loginWithWrongEmailReturnsError","Вход с неверным логином","Проверяем ошибку входа при неверном email"
"passed","Sun Sep 27 19:31:48 GMT+05:00 2026","Sun Sep 27 19:31:49 GMT+05:00 2026","1542","","stellarburgers.LoginUserTest","","stellarburgers.LoginUserTest","loginWithWrongPasswordReturnsError","Вход с неверным паролем","Проверяем ошибку входа при неверном пароле"
"passed","Sun Sep 27 19:31:22 GMT+05:00 2026","Sun Sep 27 19:31:38 GMT+05:00 2026","15789","","stellarburgers.CreateOrderTest","","stellarburgers.CreateOrderTest","createOrderWithAuthorizationReturnsSuccess","Создание заказа с авторизацией","Авторизованный пользователь создаёт заказ с ингредиентами"
